{"inputUnits":[34],"outputUnits":4,"inputs":{"0":{"dtype":"number","min":823.8911910921508,"max":964.2019855581063},"1":{"dtype":"number","min":56.666542930677394,"max":161.29514073303102},"2":{"dtype":"number","min":830.1667961135477,"max":971.7373437119273},"3":{"dtype":"number","min":45.603162382545975,"max":150.89965046962567},"4":{"dtype":"number","min":812.0909823590551,"max":953.0416370414154},"5":{"dtype":"number","min":43.75732600340365,"max":151.32147954453734},"6":{"dtype":"number","min":824.7982425206353,"max":994.2949356763219},"7":{"dtype":"number","min":48.31465633756699,"max":162.46059752347173},"8":{"dtype":"number","min":791.8275829411854,"max":951.2711707518579},"9":{"dtype":"number","min":45.957861113966544,"max":159.34696247703147},"10":{"dtype":"number","min":788.6217411033823,"max":1017.7312411481176},"11":{"dtype":"number","min":106.01723356786061,"max":219.5715165463572},"12":{"dtype":"number","min":771.0995846278021,"max":1020.0894777770162},"13":{"dtype":"number","min":107.1154618588572,"max":211.86695716069687},"14":{"dtype":"number","min":767.4142462003533,"max":1090.2542905454281},"15":{"dtype":"number","min":77.81463087650764,"max":277.5666218659102},"16":{"dtype":"number","min":716.6724209850527,"max":1084.559066802205},"17":{"dtype":"number","min":26.29790962323341,"max":280.873018974914},"18":{"dtype":"number","min":718.1750729953104,"max":1189.2436994586074},"19":{"dtype":"number","min":28.518976579632636,"max":282.8580770808586},"20":{"dtype":"number","min":676.7346176534136,"max":1177.3188076800072},"21":{"dtype":"number","min":20.198754502086388,"max":291.80348059819687},"22":{"dtype":"number","min":780.446861817358,"max":996.8619808025992},"23":{"dtype":"number","min":254.98092086226848,"max":368.40827570091676},"24":{"dtype":"number","min":779.5828681336044,"max":998.1850771504303},"25":{"dtype":"number","min":265.146819889894,"max":369.81444479661604},"26":{"dtype":"number","min":801.5364098502413,"max":1034.0951091922514},"27":{"dtype":"number","min":337.8624250921357,"max":436.3807630631891},"28":{"dtype":"number","min":792.1538991351806,"max":1081.743106953582},"29":{"dtype":"number","min":372.55743491486965,"max":456.04422586006024},"30":{"dtype":"number","min":798.1349655062135,"max":1067.3532134236416},"31":{"dtype":"number","min":378.80398458439936,"max":554.9415240371436},"32":{"dtype":"number","min":801.4233541209795,"max":1196.2137001439144},"33":{"dtype":"number","min":430.6867454484192,"max":552.2631163717942}},"outputs":{"0":{"dtype":"string","min":0,"max":1,"uniqueValues":["m","t","w","r"],"legend":{"m":[1,0,0,0],"t":[0,1,0,0],"w":[0,0,1,0],"r":[0,0,0,1]}}},"isNormalized":true}