{"inputUnits":[34],"outputUnits":6,"inputs":{"0":{"dtype":"number","min":572.8649783366837,"max":1280.3896098294917},"1":{"dtype":"number","min":-184.05043812058358,"max":558.8857474522283},"2":{"dtype":"number","min":591.2873165138051,"max":1295.0923522592286},"3":{"dtype":"number","min":-188.66886012503045,"max":488.2534831680981},"4":{"dtype":"number","min":555.920620150501,"max":1239.694933974952},"5":{"dtype":"number","min":-181.48139462833518,"max":492.33718604372257},"6":{"dtype":"number","min":600.0618920874642,"max":1322.311854669225},"7":{"dtype":"number","min":-172.65624762046176,"max":504.301208139163},"8":{"dtype":"number","min":518.1193529095566,"max":1170.3941145928513},"9":{"dtype":"number","min":-171.5833328574257,"max":500.96474571302383},"10":{"dtype":"number","min":589.0452412090339,"max":1337.9080527381823},"11":{"dtype":"number","min":-224.24438714516327,"max":714.1115393090201},"12":{"dtype":"number","min":461.190139145879,"max":1024.7532775759928},"13":{"dtype":"number","min":-204.12437751279242,"max":699.2013769911975},"14":{"dtype":"number","min":546.6566416719968,"max":1317.7160953871223},"15":{"dtype":"number","min":-114.11918298078095,"max":962.9576536182306},"16":{"dtype":"number","min":358.33884025410134,"max":1044.7847517284965},"17":{"dtype":"number","min":-112.79594614724203,"max":992.7690790782431},"18":{"dtype":"number","min":458.6548172800164,"max":1301.6625215110257},"19":{"dtype":"number","min":-163.37706924646687,"max":952.2692561753777},"20":{"dtype":"number","min":401.18178072031475,"max":1028.1009006314341},"21":{"dtype":"number","min":-138.87294122350147,"max":951.6928838242795},"22":{"dtype":"number","min":571.2682498686495,"max":1280.2608860305875},"23":{"dtype":"number","min":-66.4473541438231,"max":983.5408492952758},"24":{"dtype":"number","min":482.5602258158009,"max":1071.9312713206627},"25":{"dtype":"number","min":-73.12238964653389,"max":986.4283761364675},"26":{"dtype":"number","min":606.0618046989217,"max":1265.8238794278448},"27":{"dtype":"number","min":197.7895755284478,"max":994.913184628849},"28":{"dtype":"number","min":514.1331594961661,"max":1072.163182903684},"29":{"dtype":"number","min":217.2618855556317,"max":987.394628097207},"30":{"dtype":"number","min":578.9977860776072,"max":1228.468450059203},"31":{"dtype":"number","min":475.292262919465,"max":997.7866365756206},"32":{"dtype":"number","min":515.9780166953162,"max":1076.81132400245},"33":{"dtype":"number","min":453.98580272295317,"max":994.863948115596}},"outputs":{"0":{"dtype":"string","min":0,"max":1,"uniqueValues":["a","b","c","i","o","p"],"legend":{"a":[1,0,0,0,0,0],"b":[0,1,0,0,0,0],"c":[0,0,1,0,0,0],"i":[0,0,0,1,0,0],"o":[0,0,0,0,1,0],"p":[0,0,0,0,0,1]}}},"isNormalized":true}