{"inputUnits":[34],"outputUnits":6,"inputs":{"0":{"dtype":"number","min":227.99824675621343,"max":1175.0776812161153},"1":{"dtype":"number","min":-221.0969052677266,"max":510.6517239992613},"2":{"dtype":"number","min":256.79519266645343,"max":1223.9957741780122},"3":{"dtype":"number","min":-173.11064900478192,"max":444.8527428699515},"4":{"dtype":"number","min":259.7431716770224,"max":1150.6017203823633},"5":{"dtype":"number","min":-165.09817736887794,"max":439.3387789661191},"6":{"dtype":"number","min":281.2896133631061,"max":1272.785719486705},"7":{"dtype":"number","min":-104.00213349399976,"max":468.09361151087353},"8":{"dtype":"number","min":268.28608998081137,"max":1130.170480828536},"9":{"dtype":"number","min":-142.4445615177266,"max":437.5774257131951},"10":{"dtype":"number","min":297.77298419796233,"max":1289.1278766237967},"11":{"dtype":"number","min":-198.91811199820296,"max":659.2146357783564},"12":{"dtype":"number","min":261.58294499269005,"max":1100.3896041780883},"13":{"dtype":"number","min":-126.86380367762396,"max":640.1533303065606},"14":{"dtype":"number","min":272.5194646229288,"max":1291.5360585709063},"15":{"dtype":"number","min":10.614651388127413,"max":963.734845315736},"16":{"dtype":"number","min":274.1174114145498,"max":1066.9646728991531},"17":{"dtype":"number","min":30.513130768000735,"max":913.748800415277},"18":{"dtype":"number","min":253.99941130223561,"max":1292.9195554261087},"19":{"dtype":"number","min":4.462780571355665,"max":941.0309575547483},"20":{"dtype":"number","min":236.3623228314792,"max":1110.7512660333286},"21":{"dtype":"number","min":12.400249756335256,"max":875.2837660345185},"22":{"dtype":"number","min":367.39832054569473,"max":1160.4886334216617},"23":{"dtype":"number","min":45.719715140716346,"max":983.213868615223},"24":{"dtype":"number","min":323.24273895799064,"max":1087.1901983963814},"25":{"dtype":"number","min":216.10421282970879,"max":979.5659305803026},"26":{"dtype":"number","min":280.0491353456969,"max":1144.2344573320236},"27":{"dtype":"number","min":306.721536439297,"max":1005.2476129661991},"28":{"dtype":"number","min":247.19449108339424,"max":1138.9982905397173},"29":{"dtype":"number","min":363.8039286652503,"max":988.1917966132507},"30":{"dtype":"number","min":272.07964326438383,"max":1117.897293191207},"31":{"dtype":"number","min":346.97785673085707,"max":993.6382931714866},"32":{"dtype":"number","min":250.9199770802875,"max":1095.5660112466496},"33":{"dtype":"number","min":471.1189255147417,"max":993.6060873109693}},"outputs":{"0":{"dtype":"string","min":0,"max":1,"uniqueValues":["a","b","c","i","o","p"],"legend":{"a":[1,0,0,0,0,0],"b":[0,1,0,0,0,0],"c":[0,0,1,0,0,0],"i":[0,0,0,1,0,0],"o":[0,0,0,0,1,0],"p":[0,0,0,0,0,1]}}},"isNormalized":true}