{"inputUnits":[34],"outputUnits":6,"inputs":{"0":{"dtype":"number","min":671.3902398717333,"max":1242.2178331639102},"1":{"dtype":"number","min":0.11421768753615424,"max":419.7075178655732},"2":{"dtype":"number","min":676.7494989882204,"max":1296.425178037052},"3":{"dtype":"number","min":-24.094193070023152,"max":370.8153761478892},"4":{"dtype":"number","min":656.247986910636,"max":1200.461819297389},"5":{"dtype":"number","min":-22.75500678644312,"max":358.9018295429371},"6":{"dtype":"number","min":689.0815696195784,"max":1326.170609085648},"7":{"dtype":"number","min":-13.233128597861878,"max":415.8911834776285},"8":{"dtype":"number","min":620.0643676995766,"max":1144.4435128552175},"9":{"dtype":"number","min":-34.18162206460161,"max":388.9384528860943},"10":{"dtype":"number","min":685.8056396722328,"max":1332.2609801413255},"11":{"dtype":"number","min":31.311536049052734,"max":629.4106889096385},"12":{"dtype":"number","min":545.7964564392208,"max":1060.7780090688962},"13":{"dtype":"number","min":39.38472628825821,"max":573.4018687941642},"14":{"dtype":"number","min":683.6973616393685,"max":1307.123064483583},"15":{"dtype":"number","min":47.82381708394246,"max":887.1500811660499},"16":{"dtype":"number","min":409.30051569353066,"max":1052.992428785179},"17":{"dtype":"number","min":64.1407725313718,"max":796.0782368977864},"18":{"dtype":"number","min":679.8982034277963,"max":1297.2972478736444},"19":{"dtype":"number","min":19.89836040296052,"max":790.8646712572718},"20":{"dtype":"number","min":344.4244075425652,"max":1078.648729900635},"21":{"dtype":"number","min":16.392772295321606,"max":787.4448208873964},"22":{"dtype":"number","min":678.0772931580423,"max":1293.8383094237329},"23":{"dtype":"number","min":221.31519458912032,"max":939.5339721917642},"24":{"dtype":"number","min":561.559165077135,"max":1021.6953543798733},"25":{"dtype":"number","min":218.80741587856357,"max":939.5255153128046},"26":{"dtype":"number","min":673.9231958816855,"max":1296.1858405100206},"27":{"dtype":"number","min":326.5621513976456,"max":994.0875969899791},"28":{"dtype":"number","min":602.9940685844792,"max":1031.6600235907422},"29":{"dtype":"number","min":277.0378886142902,"max":981.401338633041},"30":{"dtype":"number","min":671.8871308860258,"max":1285.9102245427478},"31":{"dtype":"number","min":378.1349298131396,"max":1001.3345872310169},"32":{"dtype":"number","min":639.41244619864,"max":1054.0142001324925},"33":{"dtype":"number","min":315.54991842942854,"max":993.9064394707334}},"outputs":{"0":{"dtype":"string","min":0,"max":1,"uniqueValues":["a","b","c","i","o","p"],"legend":{"a":[1,0,0,0,0,0],"b":[0,1,0,0,0,0],"c":[0,0,1,0,0,0],"i":[0,0,0,1,0,0],"o":[0,0,0,0,1,0],"p":[0,0,0,0,0,1]}}},"isNormalized":true}