{"inputUnits":[34],"outputUnits":6,"inputs":{"0":{"dtype":"number","min":585.5930154365406,"max":1307.1647682710466},"1":{"dtype":"number","min":-285.7946063482273,"max":633.0780332688003},"2":{"dtype":"number","min":593.6998333847313,"max":1305.5497471026742},"3":{"dtype":"number","min":-274.4093754045215,"max":572.5606056495949},"4":{"dtype":"number","min":559.7408717045774,"max":1310.4660706399243},"5":{"dtype":"number","min":-273.2296116403204,"max":579.3722004732425},"6":{"dtype":"number","min":608.9953006498995,"max":1335.79040170413},"7":{"dtype":"number","min":-186.77911769576937,"max":570.7358400817038},"8":{"dtype":"number","min":501.71257271868905,"max":1296.8183776974445},"9":{"dtype":"number","min":-181.89153898064387,"max":525.3648212871589},"10":{"dtype":"number","min":641.4938140333744,"max":1319.3428143655578},"11":{"dtype":"number","min":-337.45976676717834,"max":675.32114724202},"12":{"dtype":"number","min":491.3246603923002,"max":1287.2616023905791},"13":{"dtype":"number","min":-303.7514562774123,"max":647.6449025769447},"14":{"dtype":"number","min":664.5348526209186,"max":1329.7829527975755},"15":{"dtype":"number","min":-132.43981909798367,"max":996.7444618775364},"16":{"dtype":"number","min":415.92609963221855,"max":1274.0336153800026},"17":{"dtype":"number","min":-139.80021158854169,"max":999.1002872162162},"18":{"dtype":"number","min":537.2293560779118,"max":1322.352359169408},"19":{"dtype":"number","min":-149.988799513432,"max":989.9717483371785},"20":{"dtype":"number","min":427.77779562431465,"max":1282.7413482368572},"21":{"dtype":"number","min":-37.755321480377376,"max":949.5369644611201},"22":{"dtype":"number","min":661.5870639734101,"max":1294.3749214752374},"23":{"dtype":"number","min":-226.9428311175073,"max":984.3829845406158},"24":{"dtype":"number","min":534.1184334262305,"max":1290.8105421159235},"25":{"dtype":"number","min":-72.8594905265823,"max":981.5475148578369},"26":{"dtype":"number","min":597.457874736823,"max":1288.3929264894005},"27":{"dtype":"number","min":-22.160135310063367,"max":995.5448141711497},"28":{"dtype":"number","min":516.4836037321629,"max":1289.7793299505818},"29":{"dtype":"number","min":155.70794356496708,"max":999.4744099696941},"30":{"dtype":"number","min":484.5144058435748,"max":1297.6082023635477},"31":{"dtype":"number","min":164.58293297602182,"max":995.8616885060687},"32":{"dtype":"number","min":441.1733805041099,"max":1273.77544380768},"33":{"dtype":"number","min":315.0091885869731,"max":995.3277980514436}},"outputs":{"0":{"dtype":"string","min":0,"max":1,"uniqueValues":["a","b","c","i","o","p"],"legend":{"a":[1,0,0,0,0,0],"b":[0,1,0,0,0,0],"c":[0,0,1,0,0,0],"i":[0,0,0,1,0,0],"o":[0,0,0,0,1,0],"p":[0,0,0,0,0,1]}}},"isNormalized":true}