{"inputUnits":[34],"outputUnits":6,"inputs":{"0":{"dtype":"number","min":474.215945714166,"max":1281.2123673050492},"1":{"dtype":"number","min":-289.4395901864035,"max":406.40157063802076},"2":{"dtype":"number","min":482.1808619805944,"max":1289.3823670504385},"3":{"dtype":"number","min":-273.9282637032849,"max":352.3614430566977},"4":{"dtype":"number","min":480.31399256537065,"max":1305.7747253061036},"5":{"dtype":"number","min":-273.0062116656387,"max":334.7919534010264},"6":{"dtype":"number","min":508.3875249375609,"max":1321.6363275539106},"7":{"dtype":"number","min":-275.06540369104454,"max":396.7806600827222},"8":{"dtype":"number","min":475.4166648820129,"max":1302.3420605278386},"9":{"dtype":"number","min":-273.49536918060124,"max":342.66278778135654},"10":{"dtype":"number","min":524.8750052349841,"max":1311.4305855377374},"11":{"dtype":"number","min":-332.3394335176048,"max":695.386310897143},"12":{"dtype":"number","min":495.1426152457968,"max":1310.0933754606785},"13":{"dtype":"number","min":-325.3657112344664,"max":542.1913881655092},"14":{"dtype":"number","min":508.9522559926291,"max":1307.5662154110319},"15":{"dtype":"number","min":-157.69057721887185,"max":995.3005077220776},"16":{"dtype":"number","min":412.0672869171083,"max":1270.405026560406},"17":{"dtype":"number","min":-169.7900604783443,"max":804.3954747369182},"18":{"dtype":"number","min":446.0388207389132,"max":1299.3035162912706},"19":{"dtype":"number","min":-176.67511164793495,"max":940.7633404053211},"20":{"dtype":"number","min":420.9937951160453,"max":1330.7978401407163},"21":{"dtype":"number","min":-168.46771775630484,"max":730.0061820403873},"22":{"dtype":"number","min":531.3837609839486,"max":1288.331338090506},"23":{"dtype":"number","min":-149.6863685295596,"max":980.2122369658412},"24":{"dtype":"number","min":526.5653173732943,"max":1279.5467391581099},"25":{"dtype":"number","min":-138.08364243535271,"max":977.9238588210435},"26":{"dtype":"number","min":456.29993223075047,"max":1296.0727255897448},"27":{"dtype":"number","min":-34.85162091766418,"max":984.2757946705956},"28":{"dtype":"number","min":514.5816069783291,"max":1280.3631484717653},"29":{"dtype":"number","min":-38.92021952549152,"max":989.9918108190941},"30":{"dtype":"number","min":433.4487528364096,"max":1301.847364042702},"31":{"dtype":"number","min":129.86717893366227,"max":996.3290426838003},"32":{"dtype":"number","min":516.4155673794811,"max":1299.6690276445236},"33":{"dtype":"number","min":39.63370916206702,"max":991.9902469865526}},"outputs":{"0":{"dtype":"string","min":0,"max":1,"uniqueValues":["a","b","c","i","o","p"],"legend":{"a":[1,0,0,0,0,0],"b":[0,1,0,0,0,0],"c":[0,0,1,0,0,0],"i":[0,0,0,1,0,0],"o":[0,0,0,0,1,0],"p":[0,0,0,0,0,1]}}},"isNormalized":true}