{"inputUnits":[34],"outputUnits":6,"inputs":{"0":{"dtype":"number","min":423.3749110052692,"max":1201.4613151922094},"1":{"dtype":"number","min":-181.47109479699685,"max":327.8577492994639},"2":{"dtype":"number","min":471.030464395445,"max":1211.1847697178057},"3":{"dtype":"number","min":-186.32342065286917,"max":322.9286598369159},"4":{"dtype":"number","min":421.3779311152229,"max":1197.4294536434418},"5":{"dtype":"number","min":-146.8992712902047,"max":318.5536813085307},"6":{"dtype":"number","min":479.9545784814548,"max":1230.7204444691915},"7":{"dtype":"number","min":-177.07730358339427,"max":331.1696584601151},"8":{"dtype":"number","min":414.11784805981966,"max":1186.5558825041119},"9":{"dtype":"number","min":-118.62312212789735,"max":321.7126577871817},"10":{"dtype":"number","min":437.979487368935,"max":1237.7222847892062},"11":{"dtype":"number","min":-140.429137826663,"max":637.5237977620918},"12":{"dtype":"number","min":406.7586500974659,"max":1176.6924097012823},"13":{"dtype":"number","min":-137.95705337970577,"max":419.2318660148635},"14":{"dtype":"number","min":411.17508737664474,"max":1256.744460910849},"15":{"dtype":"number","min":-68.12677037646199,"max":955.7281644348977},"16":{"dtype":"number","min":406.38352778919955,"max":1139.758729098136},"17":{"dtype":"number","min":-10.97802829556531,"max":449.7000687210648},"18":{"dtype":"number","min":396.12387257477457,"max":1225.2281798721522},"19":{"dtype":"number","min":-16.067201491684955,"max":879.6535404197887},"20":{"dtype":"number","min":389.2069463004843,"max":1160.4490081608644},"21":{"dtype":"number","min":50.80645644873903,"max":471.2840505975496},"22":{"dtype":"number","min":480.94979864347283,"max":1217.6455801504628},"23":{"dtype":"number","min":-46.940349259106995,"max":978.6050147341009},"24":{"dtype":"number","min":469.89907069512975,"max":1172.4902831555341},"25":{"dtype":"number","min":198.29251949317734,"max":757.6094653034768},"26":{"dtype":"number","min":466.76223725138584,"max":1202.2068385074012},"27":{"dtype":"number","min":110.90713709186156,"max":992.6443056102848},"28":{"dtype":"number","min":517.117912634539,"max":1131.8468262670565},"29":{"dtype":"number","min":288.6913818597328,"max":940.7098352978801},"30":{"dtype":"number","min":398.8396080195555,"max":1205.6466555827774},"31":{"dtype":"number","min":208.8957253022965,"max":994.4270711381996},"32":{"dtype":"number","min":521.1447597154167,"max":1151.6693454318577},"33":{"dtype":"number","min":315.8362696835404,"max":992.9411066066452}},"outputs":{"0":{"dtype":"string","min":0,"max":1,"uniqueValues":["a","b","c","i","o","p"],"legend":{"a":[1,0,0,0,0,0],"b":[0,1,0,0,0,0],"c":[0,0,1,0,0,0],"i":[0,0,0,1,0,0],"o":[0,0,0,0,1,0],"p":[0,0,0,0,0,1]}}},"isNormalized":true}